{"cameraMode":{"drawMode":0,"name":"Shaded","section":"Shading Mode"},"sceneLighting":true,"audioPlay":false,"sceneViewState":{"m_AlwaysRefresh":true,"showFog":true,"showSkybox":false,"showFlares":true,"showImageEffects":true,"showParticleSystems":true,"showVisualEffectGraphs":true,"m_FxEnabled":true},"in2DMode":false,"pivot":{"x":-0.5855827927589417,"y":0.7338517308235169,"z":0.16470234096050263},"rotation":{"x":-0.04351768642663956,"y":0.7497735023498535,"z":-0.049557171761989596,"w":-0.6584011912345886},"size":1.757445216178894,"orthographic":false}