{"cameraMode":{"drawMode":0,"name":"Shaded","section":"Shading Mode"},"sceneLighting":true,"audioPlay":false,"sceneViewState":{"m_AlwaysRefresh":true,"showFog":true,"showSkybox":false,"showFlares":true,"showImageEffects":true,"showParticleSystems":true,"showVisualEffectGraphs":true,"m_FxEnabled":true},"in2DMode":false,"pivot":{"x":0.10891001671552658,"y":0.6882214546203613,"z":-1.8707295656204224},"rotation":{"x":0.025075260549783708,"y":0.8515967130661011,"z":-0.04090816527605057,"w":0.5219992399215698},"size":2.0189366340637209,"orthographic":false}