{"cameraMode":{"drawMode":0,"name":"Shaded","section":"Shading Mode"},"sceneLighting":true,"audioPlay":false,"sceneViewState":{"m_AlwaysRefresh":true,"showFog":true,"showSkybox":false,"showFlares":true,"showImageEffects":true,"showParticleSystems":true,"showVisualEffectGraphs":true,"m_FxEnabled":true},"in2DMode":false,"pivot":{"x":-0.17607522010803224,"y":0.463123619556427,"z":-1.748175859451294},"rotation":{"x":-0.07039215415716171,"y":0.7529050707817078,"z":-0.08163148164749146,"w":-0.6492441296577454},"size":1.9974223375320435,"orthographic":false}